Review,Date,page_number
"I‚Äôve been using the Motorola G85 5G (8GB RAM, 128GB) for a few days now, and I‚Äôm very happy with the performance.‚úÖ Display: The curved pOLED display is bright, smooth, and looks very premium. It feels like a flagship phone.‚úÖ Performance: Everything runs smoothly ‚Äì from social media apps to multitasking.‚úÖ Battery: Easily lasts a full day with regular use. Fast charging is a bonus.‚úÖ Design: Slim, lightweight, and very stylish.‚úÖ Camera: Good quality photos in daylight. Front camera is decent for selfies.I love the clean Android experience without unnecessary apps. For a price under ‚Çπ17,000, this is a great value-for-money smartphone. I would definitely recommend it to others.",11 June 2025,1
"Thank you Amazon for this product. Camera quality is good,Display quality is good. Fast charging supported. Features is very nice. Connectivity is good.",23 July 2025,1
"Excellent product. Speed is ok. Battery ok. no heating issue, super camera quality, easy functionality...",5 August 2025,1
"Nice ,over all good",30 July 2025,1
"It is a great value for money phone but i would still not suggest to buy it because it has a faulty charging port and this is its manufacturing defect, it was working great in the beginning and after one month it has started to have charging problem like not charging sometimes and sometimes turbo charging was not working and many more, and as soon as i brought it to the service center as soon as i told them its a Motorola phone with charging issue they directly asked me whether is it G85 edge and i told yes so they show me 3-4 brand new phones all with same issue all were under warranty and were bought within 1-2 months. They were getting replacement of charging board free of cost but still nobody wants to have their brand new purchased phone to take to service center and open up. And everybody know that once the phone gets opened its never going t be same because service centers  don't use adhesive to glue them as good as it comes from factory there will always be a gap and always a chance to open up someday by its own.",17 April 2025,1
"SUPERB PHONE. SLIM, LIGHT WEIGHT, VERY HANDY, GRIP IS EXCELLENT, RESOLUTION IS EXCELLENT",15 July 2025,1
"Did come with minor issues. Vibration not working. Issue with ringer (sometimes works and sometimes doesn't), says turbo charger but doesn't charge as expected, lock screen to home screen lags a bit which is irritating. Issue with Youtube videos where the screen is overlapped/ glitched, needs to be restarted until it is resolved. Not very impressive with the product. Would choose an IQOO phone over this.P.S: Not sure if this is all because of the Android 15 update.",11 August 2025,1
"Awesome mobile, a premium look, clean Stock android UI, moto branding, Pantone color, Curve display, camera, Moto gestures... everything is good, except.. you can add only one face... fingureprint scanner is not as fast as the neo devices, but, considering the price range.... this is a Loot.... Go for it blindly.. I promise, you won't get the premium feel in this budget segment other that this...",5 August 2025,1
Good.. Easy to handle.. Functionality wise good.Touch screen not very sensible.. Need top tab more on display some times.,5 August 2025,1
Value for moneyCamera quality is goodBattery Backup is little lowHeating is very very low,2 August 2025,1
The mobile company have to plan inbuilt gallery option and all voice call record option network usage data speed options also required but it does not have that otherwise camera gaming performance is too good,18 July 2025,2
Good mobile,30 July 2025,2
nice mobileall performance good,14 July 2025,2
Awesome,15 July 2025,2
Very nice product,8 July 2025,2
Good,10 June 2025,2
Super one... in this price...nice touch screen ...all functions good...,5 August 2025,2
Very nice. Full Paisa üí∞ wasoolLight weightGood üîã battery backupCamera üì∏ quality very nice üëç,31 July 2025,2
Nice everything,27 July 2025,2
Decent Smart phone,9 June 2025,2
Nice,30 June 2025,3
Very good mobile. Very light weight. Happy with the purchase.,26 June 2025,3
Just okk...but at this price there are so many options to get a good deal...like infinix 50s 5g...,15 May 2025,3
Good product,26 June 2025,3
Everything is good,23 June 2025,3
Good experience,26 June 2025,3
Exilant mobile display,20 June 2025,3
All over good phone...,16 June 2025,3
GOOD PERFORMANCE AND EXCELLENT CAMERA,30 April 2025,3
"During the video call, lining on display",6 March 2025,3
Nice phone.thanku Moto.first time usd very happy,7 June 2025,4
"Phone is totally good no doubt in that. But the seller gave us PRE-ACTIVATED device which was used in October 2024, as we were setting up the phone it the slot 2 in the phone was not detecting the SIM card. I Switched the sim 1 to check is there a problem in SIM card but no it was the issue in the SLOT 2 only..!",20 June 2025,4
Good Best for camera Quality value of money üí∞,2 June 2025,4
"I recently got my hands on the Motorola G85, and I must say, it‚Äôs exceeded my expectations at every turn! The Camera quality is impressive, packed with AI features that take my photos to a whole new level‚Äîit feels like having a professional setup right in my pocket. The smooth performance of this device is worth applauding; everything flows effortlessly, whether I'm multitasking or enjoying my favorite apps.This phone is incredibly light and sleek, making it perfect to carry around all day without any bulk. The sound quality is rich and immersive, ideal for music lovers and movie enthusiasts alike. The battery life keeps up with me all day, giving me power when I need it most without constant recharges. And that screen clarity‚Äîcrystal clear with vibrant colors, it‚Äôs a visual treat!Motorola G85 proves that a premium experience doesn't have to come with a premium price tag. Highly recommend it to anyone looking for a reliable, feature-packed smartphone!",28 October 2024,4
Wrost phone,26 July 2025,4
Excellent touch experience with 120hz refresh rate. Excellent display,19 January 2025,4
‡§´‡•ã‡§® ‡§™‡§∞ ‡§∏‡•ç‡§™‡•Ä‡§ï‡§∞ ‡§ï‡•Ä ‡§Ü‡§µ‡§æ‡§ú ‡§®‡§π‡•Ä‡§Ç ‡§Ü ‡§∞‡§π‡•Ä ‡§π‡•à,12 July 2025,4
Decent phone for this proce range,10 May 2025,4
Excellent..,15 May 2025,4
"Good smartphone, value for money , Looks a high price smartphone, performance is very good , user friendly , good looking",1 May 2025,4
Battery flop hai,14 June 2025,5
Search history not cleard.,5 February 2025,5
"It is a great phone, maybe even better than I expected, great looks and features, a great android phone with durability",8 March 2025,5
Disgusting productNo battery backupConnectivityFunction close automaticallyPhone quality worst,9 August 2025,5
I called many times amazon Regarding about phone video quality but no one response,26 July 2025,5
"Please don't buy this phone....Phone completely slack...Can't open any apps such as banking apps, amazon app, trading apps....this quite common in this phone...Generally what'sup working fine beyond this phone calls and msgs okay...rest this is useless....",26 June 2025,5
After updating Android 15 finger print is not working. Does anyone know how to fix this issue can anyone help me,18 July 2025,5
Good,10 March 2025,5
veri quick and handy delivery,27 February 2025,5
"Worst phone ever, I've bought this to my mom who is 70 yrs and the touch is not working and hangs a lot, technician came from Amazon when I asked for replacement and now they are saying that since the window for returning is closed they are not taking the phone back. because of this my 17k is held with Amazon without resolution. And great Amazon team is not even responding well to the complaint calls. Worst experience ever",14 May 2025,5
Battery problem,16 April 2025,6
"Looks, Screen ,camera - Good",6 September 2024,6
Very bad experience phone ko lete hi phone ka ear speaker Fata hua nikla,1 July 2025,6
Theek thak hai,5 November 2024,6
Product is good. But don't buy it from amazon because amazon is not authorised selling partner of moto if any issue comes after buying then no support provided from amazon. It is better to buy it from direct moto site or from flipkart.,25 May 2025,6
"Phone quality is awesome and durabile, but why is it mentioned as 3.5mm headphone jack here but phone doesn't provide??",28 June 2025,6
"3rd class service from authorised service centre. Defective mobile delivered, then i was visit service Center on 1st may & today 19th may still issue not solved. Also customer executive told me this model has this problem on every moto g85. Don‚Äôt buy Motorola mobile üì±",19 May 2025,6
Nice curved edges.Great cameraNo heating,18 January 2025,6
I have bought 10days back just now I found shade on camera and hanging the mobile,18 June 2025,6
Good product,19 January 2025,6
Battery drained veryfast,1 July 2025,7
The  location and  camera  access  not supporting this mobile,3 January 2025,7
This is best mobile value for money camara is best quality performance is excellent üëåüëåüëåüëåüëå,6 October 2024,7
Sound quality is bad.,30 May 2025,7
Perfect,10 November 2024,7
Consider this as an Honest review since iam using it for 6months ...As a user I loved moto mobiles even my family uses...it generates very high heat ( if u do even avarage task at background) mobile gets very slow while heated.display yeah at this price decent.battery drains...if u have 18k or 19k go with other mobiles...I'm writing this review bcz I am exchanging moto with Samsung A55 only bcz of poor performance...hope it might help you..,26 May 2025,7
Very good product in this price range..also camera is very good,6 September 2024,7
"Very bad experience and also better back up is not good, please never buy this is . it's my opinion",21 March 2025,7
This mobile is very very fast process  battery backup is very effective  camera is good picture quality  i lve it this mobile,7 August 2025,7
Everything is good about the phone but the worst part is green line coming on screen .Once it happens all the positive points fade away and this becomes the maine negative point.,7 August 2025,7
Phone is getting ON and OFF without switching ON,16 January 2025,8
Yah parcel mere ko chahie aap is parcel ko cancel mat kijiye kyunki mere ko achcha Laga Hai yah phone,17 July 2025,8
Bad camera and mobile is not giving the premium look while holding in hand. Poor very poor camera.,11 November 2024,8
Product is good but my phone is not exchange I cancelled this product please refund my moneyThank you amazone,16 March 2025,8
I got this phone yesterday on 18th August. It is not supporting my Jio number. This number works on other phones. I have to visit a service centre to replace the phone. Horrible experience.,19 August 2024,8
Motorola edge g85 not üö´ good warking not good hang this phone,9 October 2024,8
Please don‚Äôt buy this phone worst performance hanging continuously,29 October 2024,8
Not good,29 November 2024,8
"Awesome phone in this budget , must but this phone, camera is up to mark , battery backup long lasting",15 June 2025,8
Why did you pick this product vs others?:Previously Motorola was good I used toCamera quality:Camera quality show 50mp but actually is 8mpCharging speed:Not fast chargedHeating issue:When it‚Äôs goes up to 70% chargingPhone quality:Good,10 July 2025,8
"Don't buy this phone I'm. Internal problems keep coming up. Sometimes it hangs, sometimes the network goes down and many more.",6 July 2025,9
"‡§≠‡•Ç‡§≤‡§ï‡§∞ ‡§≠‡•Ä ‡§á‡§∏ ‡§´‡•ã‡§® ‡§ï‡•ã ‡§®‡§π‡•Ä ‡§ñ‡§∞‡•Ä‡§¶‡•á‡§Ç‡§ó‡•á,‡§Ö‡§ó‡§∞ ‡§ñ‡§∞‡•Ä‡§¶‡•ã‡§Ç‡§ó‡•á ‡§§‡•ã ‡§¨‡§π‡•Å‡§§ ‡§™‡§õ‡§§‡§æ‡§è‡§Ç‡§ó‡•á,‡§Æ‡•à‡§®‡•á ‡§ñ‡§∞‡•Ä‡§¶‡§æ ‡§π‡•à ‡§Æ‡•Å‡§ù‡•á ‡§°‡•á‡§° ‡§´‡•ã‡§® ‡§¶‡§ø‡§Ø‡§æ ‡§π‡•à,‡§î‡§∞ ‡§®‡§æ ‡§π‡•Ä ‡§∞‡•á‡§™‡•ç‡§≤‡•á‡§∏‡§Æ‡•á‡§Ç‡§ü ‡§¶‡•á ‡§∞‡§π‡•á ‡§π‡•à,‡§î‡§∞ ‡§®‡§æ ‡§π‡•Ä ‡§∞‡§ø‡§ü‡§∞‡•ç‡§® ‡§≤‡•á ‡§∞‡§π‡•á ‡§π‡•à,‡§Æ‡•à ‡§ï‡§Ç‡§∏‡•ç‡§Ø‡•Ç‡§Æ‡§∞ ‡§ï‡•ã‡§∞‡•ç‡§ü ‡§Æ‡•á‡§Ç ‡§ï‡•á‡§∏ ‡§ï‡§∞ ‡§∞‡§π‡§æ ‡§π‡•Å‡•§",5 June 2025,9
Waste this phone issues charge problem speaker problem so many people suffering this issues my phone send back to repair,12 June 2025,9
This product is very late  and price big and this mobile losser and this company is very no useful yor understand,21 March 2025,9
"Thin and light weight, easy to hold in hand, Good lookingFast speed, Crisp clear photosGood cameraCharging fastBattery lasts a dayCall sound quality good",28 October 2024,9
"eSim not support, network speed test not given , camera average, battery average,4k not support fingerprint ok, range average thanks",1 December 2024,9
Good item,31 July 2025,9
Average performance,11 February 2025,9
Very nice phone ‚ò∫Ô∏èüëçüèªüëçüèªTHANK YOUU AMAZONTHANK YOU MOTOOüëçüèª‚ù§Ô∏è,13 March 2025,9
The media could not be loaded.‡§Æ‡•Å‡§ù‡•á ‡§™‡•ç‡§∞‡•ã‡§°‡§ï‡•ç‡§ü ‡§¨‡§π‡•Å‡§§ ‡§™‡§∏‡§Ç‡§¶ ‡§Ü‡§Ø‡§æ ‡§•‡•à‡§Ç‡§ï ‡§Ø‡•Ç ‡§Ö‡§Æ‡•á‡§ú‡•â‡§®,3 June 2025,9
This is a good phone. It's fast and the display has very rich colors. And so cheap. I highly recommend,6 July 2025,10
It's very nice phone hi love,5 May 2025,10
"Excellent phone, way better than the model made for Canada.",27 June 2025,10
Very good value at this price point.  Excellent display and especially like how light it feels in your hands.,17 June 2025,10
